ID,x_data,y_data,coverage,redundancy,effort
1,6,4,0,,0
2,7,4,0,,0
3,8,4,0,,0
4,9,4,0,,0
5,10,4,0,,0
6,11,4,8,0.000344234,0
7,12,4,12,0.000458979,0
8,13,4,16,0.000516351,0
9,14,4,20,0.000550775,0
10,15,4,24,0.000573723,0
11,15,5,24,0.000659782,0
12,16,5,26,0.000688468,0
13,16,4,28,0.000737644,0
14,17,4,31,0.000732885,0
15,18,4,35,0.000717974,0
16,19,5,39,0.000714948,1.414213562
17,20,5,42,0.000729448,1.414213562
18,20,4,46,0.000725885,1.414213562
19,20,5,46,0.000785752,1.414213562
20,21,5,49,0.000793846,1.414213562
21,21,4,51,0.000816712,1.414213562
22,21,3,55,0.000807385,1.414213562
23,22,3,57,0.000815291,1.414213562
24,22,4,57,0.000851526,1.414213562
25,22,5,57,0.000887762,1.414213562
26,22,6,58,0.000908066,1.414213562
27,22,5,58,0.000943676,1.414213562
28,22,4,58,0.000979287,1.414213562
29,22,3,58,0.001014897,1.414213562
30,22,2,59,0.001021033,1.414213562
31,22,3,59,0.00105604,1.414213562
32,21,3,59,0.001102716,1.414213562
33,20,3,60,0.001130235,1.414213562
34,19,4,60,0.001176133,2.828427125
35,19,5,60,0.001222031,2.828427125
36,18,5,61,0.0012415,2.828427125
37,18,6,62,0.001260341,2.828427125
38,19,6,62,0.001293654,2.828427125
39,18,6,62,0.001332519,2.828427125
40,18,7,65,0.001302794,2.828427125
41,18,8,67,0.001289593,2.828427125
42,19,8,69,0.001287136,2.828427125
43,20,8,71,0.001279969,2.828427125
44,20,9,73,0.001273195,2.828427125
45,21,9,76,0.001254643,2.828427125
46,21,10,78,0.001257778,2.828427125
47,22,10,80,0.001260757,2.828427125
48,23,10,83,0.001248367,2.828427125
49,24,10,86,0.001228836,2.828427125
50,25,10,89,0.001210621,2.828427125
51,25,11,91,0.001214276,2.828427125
52,26,11,94,0.001204819,2.828427125
53,26,10,96,0.001204819,2.828427125
54,27,10,99,0.001189172,2.828427125
55,28,10,102,0.001174446,2.828427125
56,29,10,105,0.001160561,2.828427125
57,29,9,108,0.00114426,2.828427125
58,30,9,111,0.001131941,2.828427125
59,31,8,117,0.00109743,4.242640687
60,31,7,121,0.001083911,4.242640687
61,31,6,125,0.001071256,4.242640687
62,32,6,129,0.001059387,4.242640687
63,33,6,133,0.001048232,4.242640687
64,34,6,137,0.001037728,4.242640687
65,34,7,137,0.001052803,4.242640687
66,34,7,137,0.001067879,4.242640687
67,34,7,137,0.001082955,4.242640687
68,34,6,137,0.001103057,4.242640687
69,33,6,137,0.001123158,4.242640687
70,33,5,140,0.001118761,4.242640687
71,32,5,141,0.001130357,4.242640687
72,31,5,142,0.001141791,4.242640687
73,31,6,142,0.001161184,4.242640687
74,30,6,144,0.001164181,4.242640687
75,30,7,146,0.001167095,4.242640687
76,29,7,146,0.001176526,4.242640687
77,30,7,146,0.001195388,4.242640687
78,31,8,146,0.00121425,5.656854249
79,31,9,147,0.001222382,5.656854249
80,32,9,149,0.001224457,5.656854249
81,33,9,151,0.001226476,5.656854249
82,34,9,154,0.001220466,5.656854249
83,35,10,157,0.001210301,7.071067812
84,36,10,159,0.001208067,7.071067812
85,37,10,162,0.001198445,7.071067812
86,38,10,166,0.001184082,7.071067812
87,38,9,169,0.001175284,7.071067812
88,37,9,169,0.001183432,7.071067812
89,38,9,169,0.001195653,7.071067812
90,38,10,169,0.001209911,7.071067812
91,39,10,171,0.001207839,7.071067812
92,40,10,173,0.001205814,7.071067812
93,41,9,176,0.001193084,8.485281374
94,42,9,178,0.001187414,8.485281374
95,43,10,181,0.001179144,9.899494937
96,44,10,183,0.001177544,9.899494937
97,44,11,185,0.001179699,9.899494937
98,45,11,188,0.001175523,9.899494937
99,46,11,191,0.001171477,9.899494937
100,47,10,195,0.001158039,11.3137085
101,48,9,200,0.001139415,12.72792206
102,49,9,203,0.001132751,12.72792206
103,49,10,206,0.00112628,12.72792206
104,50,10,208,0.001125381,12.72792206
105,51,10,210,0.001124498,12.72792206
106,52,10,213,0.001118357,12.72792206
107,53,10,216,0.001112386,12.72792206
108,54,10,219,0.001106579,12.72792206
109,54,11,221,0.001109026,12.72792206
110,53,11,222,0.001116435,12.72792206
111,53,10,222,0.001125738,12.72792206
112,54,10,222,0.001135042,12.72792206
113,54,9,224,0.001131055,12.72792206
114,54,8,225,0.001130618,12.72792206
115,54,7,227,0.001125206,12.72792206
116,54,6,229,0.001121391,12.72792206
117,54,5,231,0.001117643,12.72792206
118,54,4,233,0.001113959,12.72792206
119,54,3,235,0.001110338,12.72792206
120,54,2,237,0.001106778,12.72792206
121,54,3,237,0.001112588,12.72792206
122,55,3,239,0.001110479,12.72792206
123,56,2,243,0.001100699,14.14213562
124,57,2,246,0.001095672,14.14213562
125,58,2,249,0.001090766,14.14213562
126,58,3,251,0.001093046,14.14213562
127,58,4,253,0.00109529,14.14213562
128,59,4,255,0.001097499,14.14213562
129,60,4,257,0.001099674,14.14213562
130,60,5,259,0.001101815,14.14213562
131,60,6,261,0.001103923,14.14213562
132,60,7,263,0.001103381,14.14213562
133,61,7,264,0.001107026,14.14213562
134,62,7,265,0.001110642,14.14213562
135,63,7,268,0.001105916,14.14213562
136,64,7,271,0.001101295,14.14213562
137,63,7,271,0.001108916,14.14213562
138,62,7,271,0.001116538,14.14213562
139,62,6,271,0.0011267,14.14213562
140,61,6,271,0.001136862,14.14213562
141,61,5,272,0.001142807,14.14213562
142,62,4,277,0.00113212,15.55634919
143,62,5,277,0.001142062,15.55634919
144,62,4,277,0.001152004,15.55634919
145,63,4,281,0.001145405,15.55634919
146,64,4,285,0.001138992,15.55634919
147,65,4,289,0.001132756,15.55634919
148,66,4,293,0.001126691,15.55634919
149,67,3,297,0.001118471,16.97056275
150,67,2,298,0.001119338,16.97056275
151,67,1,301,0.001112757,16.97056275
152,66,1,302,0.001115911,16.97056275
153,67,1,302,0.001120471,16.97056275
154,67,2,302,0.00112503,16.97056275
155,67,3,302,0.001131869,16.97056275
156,66,3,304,0.001133481,16.97056275
157,66,4,304,0.00114254,16.97056275
158,65,4,304,0.001151599,16.97056275
159,64,4,304,0.001160658,16.97056275
160,63,4,304,0.001169716,16.97056275
161,62,4,304,0.001178775,16.97056275
162,61,4,304,0.001187834,16.97056275
163,60,3,306,0.00118907,18.38477631
164,59,2,306,0.00119582,19.79898987
165,59,1,309,0.001190894,19.79898987
166,58,1,310,0.001193715,19.79898987
167,57,1,311,0.001196518,19.79898987
168,56,1,312,0.001199303,19.79898987
169,55,1,313,0.00120207,19.79898987
170,54,2,313,0.001206469,21.21320344
171,54,3,313,0.001210868,21.21320344
172,54,4,313,0.001215267,21.21320344
173,54,5,313,0.001219666,21.21320344
174,54,6,313,0.001224066,21.21320344
175,54,7,313,0.001227365,21.21320344
176,54,8,313,0.001230664,21.21320344
177,54,9,313,0.001235063,21.21320344
178,54,10,313,0.001241662,21.21320344
179,53,10,313,0.001248261,21.21320344
180,52,10,313,0.00125486,21.21320344
181,51,10,313,0.001261458,21.21320344
182,50,9,314,0.001264019,22.627417
183,49,9,314,0.001270596,22.627417
184,48,9,314,0.001277174,22.627417
185,47,9,315,0.001279677,22.627417
186,46,10,316,0.001282163,24.04163056
187,45,10,316,0.001288699,24.04163056
188,44,10,316,0.001295235,24.04163056
189,43,10,316,0.001301771,24.04163056
190,42,10,318,0.001300079,24.04163056
191,42,9,318,0.001304409,24.04163056
192,41,9,318,0.001308739,24.04163056
193,41,10,318,0.001315234,24.04163056
194,41,11,320,0.00131562,24.04163056
195,41,12,321,0.001319028,24.04163056
196,41,13,325,0.001310208,24.04163056
197,41,14,327,0.001308511,24.04163056
198,41,15,327,0.001310616,24.04163056
199,41,14,327,0.001316932,24.04163056
200,42,14,329,0.001316251,24.04163056
201,41,14,329,0.001322528,24.04163056
202,41,15,329,0.001324621,24.04163056
203,41,14,329,0.001330899,24.04163056
204,41,13,329,0.001338223,24.04163056
205,41,12,329,0.001345547,24.04163056
206,41,11,329,0.001353918,24.04163056
207,40,11,329,0.001362288,24.04163056
208,39,11,329,0.001370658,24.04163056
209,38,11,330,0.00137485,24.04163056
210,37,10,330,0.001381109,25.45584412
211,38,10,330,0.001388411,25.45584412
212,38,9,330,0.00139467,25.45584412
213,37,9,330,0.001398842,25.45584412
214,37,8,330,0.001401972,25.45584412
215,37,7,331,0.001400856,25.45584412
216,38,6,334,0.001392396,26.87005769
217,38,5,336,0.001388206,26.87005769
218,38,4,338,0.001384065,26.87005769
219,38,3,341,0.001376936,26.87005769
220,39,3,344,0.001370932,26.87005769
221,39,2,346,0.001368977,26.87005769
222,40,2,349,0.001363127,26.87005769
223,40,3,351,0.001363206,26.87005769
224,41,3,354,0.001359433,26.87005769
225,42,4,357,0.001355723,28.28427125
226,42,5,359,0.001355841,28.28427125
227,43,5,361,0.001355958,28.28427125
228,44,6,363,0.001356074,29.69848481
229,45,6,365,0.001356188,29.69848481
230,45,5,369,0.00134895,29.69848481
231,44,5,369,0.001356413,29.69848481
232,44,4,372,0.001352877,29.69848481
233,44,3,375,0.001349398,29.69848481
234,44,2,377,0.001347718,29.69848481
235,45,2,380,0.001342513,29.69848481
236,45,1,384,0.001333907,29.69848481
237,46,1,387,0.001328904,29.69848481
238,47,1,390,0.001323977,29.69848481
239,48,1,393,0.001319126,29.69848481
240,49,1,396,0.001314348,29.69848481
241,50,1,399,0.001309642,29.69848481
242,51,1,402,0.001305007,29.69848481
243,51,2,404,0.001303659,29.69848481
244,51,3,406,0.00130402,29.69848481
245,51,4,410,0.001298014,29.69848481
246,50,4,413,0.001295254,29.69848481
247,50,4,413,0.001301922,29.69848481
248,50,4,413,0.00130859,29.69848481
249,49,4,416,0.001305773,29.69848481
250,49,4,416,0.001312392,29.69848481
251,49,4,416,0.001319012,29.69848481
252,49,5,420,0.001313007,29.69848481
253,49,6,423,0.001310205,29.69848481
254,49,6,423,0.001316716,29.69848481
255,49,6,423,0.001323226,29.69848481
256,49,5,423,0.001329736,29.69848481
257,48,5,425,0.001329958,29.69848481
258,47,5,426,0.001333301,29.69848481
259,46,4,426,0.001339766,31.11269837
260,45,4,426,0.00134623,31.11269837
261,44,4,426,0.001352694,31.11269837
262,43,4,426,0.001359159,31.11269837
263,42,3,427,0.001362425,32.52691193
264,41,3,427,0.001368875,32.52691193
265,40,3,427,0.001375324,32.52691193
266,39,2,427,0.001380161,33.9411255
267,38,3,427,0.001384192,35.35533906
268,38,4,427,0.001387417,35.35533906
269,38,5,427,0.001390641,35.35533906
270,37,6,428,0.001390609,36.76955262
271,37,7,428,0.001393022,36.76955262
272,38,7,428,0.001395435,36.76955262
273,37,7,428,0.001397848,36.76955262
274,37,8,428,0.001400261,36.76955262
275,37,9,428,0.001403478,36.76955262
276,36,9,428,0.001408303,36.76955262
277,35,10,428,0.001413129,38.18376618
278,34,9,428,0.001419563,39.59797975
279,33,9,428,0.001425998,39.59797975
280,33,8,428,0.001431628,39.59797975
281,33,9,428,0.001438062,39.59797975
282,32,9,428,0.001444496,39.59797975
283,32,10,430,0.001444182,39.59797975
284,31,10,431,0.001446422,39.59797975
285,32,10,431,0.001452812,39.59797975
286,33,10,432,0.001455823,39.59797975
287,34,11,434,0.00145546,41.01219331
288,35,11,435,0.001458445,41.01219331
289,35,12,437,0.001458072,41.01219331
290,36,12,439,0.001457702,41.01219331
291,36,13,441,0.001457336,41.01219331
292,36,14,443,0.001456196,41.01219331
293,36,15,446,0.001451032,41.01219331
294,36,16,449,0.001445936,41.01219331
295,36,17,452,0.001440909,41.01219331
296,37,17,454,0.001440627,41.01219331
297,38,17,455,0.001442757,41.01219331
298,38,18,456,0.001444877,41.01219331
299,39,18,458,0.001443077,41.01219331
300,40,18,459,0.001441433,41.01219331
301,41,18,460,0.001439796,41.01219331
302,42,18,461,0.001438167,41.01219331
303,43,18,463,0.001434185,41.01219331
304,44,18,467,0.001426323,41.01219331
305,45,19,468,0.001426218,42.42640687
306,45,20,469,0.001426847,42.42640687
307,45,21,472,0.001421424,42.42640687
308,45,22,474,0.001419058,42.42640687
309,45,23,476,0.001415988,42.42640687
310,45,24,478,0.001412944,42.42640687
311,45,24,478,0.001415825,42.42640687
312,45,24,478,0.001418705,42.42640687
313,44,24,480,0.001415663,42.42640687
314,44,25,482,0.001412645,42.42640687
315,44,24,482,0.001415502,42.42640687
316,43,24,482,0.00141693,42.42640687
317,42,24,483,0.001416135,42.42640687
318,43,24,483,0.00141756,42.42640687
319,44,24,483,0.001420411,42.42640687
320,45,23,483,0.001423262,43.84062043
321,45,22,483,0.001426825,43.84062043
322,45,21,483,0.001430389,43.84062043
323,44,21,484,0.001431701,43.84062043
324,44,20,484,0.001435968,43.84062043
325,44,19,484,0.001440236,43.84062043
326,44,20,484,0.001444503,43.84062043
327,43,20,484,0.001447348,43.84062043
328,42,20,485,0.001447912,43.84062043
329,41,20,487,0.001446207,43.84062043
330,41,20,487,0.001450448,43.84062043
331,41,20,487,0.001454689,43.84062043
332,42,20,487,0.001458224,43.84062043
333,42,21,488,0.001457352,43.84062043
334,42,20,488,0.001460879,43.84062043
335,43,20,488,0.0014637,43.84062043
336,44,20,488,0.001467933,43.84062043
337,45,20,488,0.00147146,43.84062043
338,45,21,488,0.001474987,43.84062043
339,46,21,488,0.001477808,43.84062043
340,47,21,488,0.001477808,43.84062043
341,48,21,492,0.001468592,43.84062043
342,49,21,496,0.001460913,43.84062043
343,49,22,498,0.001459193,43.84062043
344,50,22,501,0.001455952,43.84062043
345,51,22,504,0.00145275,43.84062043
346,52,21,510,0.001441058,45.254834
347,51,21,512,0.001440808,45.254834
348,50,21,512,0.001446187,45.254834
349,50,22,512,0.001451565,45.254834
350,50,21,512,0.001456944,45.254834
351,51,21,512,0.001462323,45.254834
352,51,22,512,0.001467701,45.254834
353,52,22,513,0.001470208,45.254834
354,53,22,516,0.001466998,45.254834
355,54,22,519,0.001463824,45.254834
356,55,22,523,0.001457894,45.254834
357,56,22,527,0.001452054,45.254834
358,57,22,529,0.001449167,45.254834
359,58,22,533,0.001442166,45.254834
360,58,23,535,0.001441279,45.254834
361,59,23,538,0.001438361,45.254834
362,59,24,540,0.001438133,45.254834
363,58,25,544,0.001431988,46.66904756
364,58,26,548,0.001425933,46.66904756
365,58,25,548,0.00143033,46.66904756
366,58,26,548,0.001434727,46.66904756
367,57,26,551,0.001430664,46.66904756
368,56,26,553,0.00142798,46.66904756
369,55,26,556,0.001423371,46.66904756
370,55,25,556,0.001427086,46.66904756
371,55,26,556,0.001430181,46.66904756
372,54,27,562,0.001419812,48.08326112
373,53,26,565,0.001415929,49.49747468
374,52,26,567,0.001414577,49.49747468
375,51,26,570,0.001410756,49.49747468
376,50,26,573,0.001406974,49.49747468
377,50,27,577,0.001401993,49.49747468
378,49,27,579,0.001400718,49.49747468
379,48,27,581,0.001398266,49.49747468
380,48,28,583,0.001395831,49.49747468
381,48,29,585,0.001393412,49.49747468
382,48,30,587,0.001391011,49.49747468
383,48,31,589,0.001388625,49.49747468
384,48,32,591,0.001386256,49.49747468
385,48,33,593,0.001383902,49.49747468
386,48,33,593,0.001386224,49.49747468
387,48,33,593,0.001388546,49.49747468
388,49,33,595,0.00138735,49.49747468
389,49,32,596,0.001388488,49.49747468
390,49,31,597,0.001389622,49.49747468
391,48,31,597,0.001391928,49.49747468
392,48,32,597,0.001394235,49.49747468
393,48,33,597,0.001396541,49.49747468
394,49,33,597,0.001400001,49.49747468
395,50,33,599,0.001399924,49.49747468
396,50,34,599,0.001403372,49.49747468
397,51,34,600,0.001404475,49.49747468
398,52,34,602,0.00140324,49.49747468
399,53,34,604,0.001401443,49.49747468
400,53,33,608,0.001396186,49.49747468
401,54,33,610,0.00139443,49.49747468
402,54,32,614,0.00138927,49.49747468
403,54,31,618,0.001384734,49.49747468
404,55,31,620,0.001383599,49.49747468
405,55,30,622,0.001382471,49.49747468
406,55,29,623,0.001383567,49.49747468
407,55,28,623,0.001386882,49.49747468
408,55,27,623,0.001390197,49.49747468
409,55,26,623,0.00139296,49.49747468
410,56,26,623,0.00139517,49.49747468
411,57,26,623,0.001398485,49.49747468
412,57,27,625,0.001398417,49.49747468
413,58,27,626,0.001400582,49.49747468
414,58,28,628,0.001399958,49.49747468
415,58,29,630,0.001398792,49.49747468
416,59,30,634,0.001394311,50.91168825
417,59,31,637,0.001392067,50.91168825
418,59,32,641,0.001387677,50.91168825
419,60,32,643,0.001387643,50.91168825
420,61,32,645,0.00138761,50.91168825
421,61,33,645,0.001390812,50.91168825
422,62,33,648,0.001387561,50.91168825
423,63,33,651,0.001384868,50.91168825
424,63,32,654,0.001381673,50.91168825
425,64,32,658,0.001377459,50.91168825
426,64,31,662,0.001373296,50.91168825
427,65,31,666,0.001369183,50.91168825
428,65,31,666,0.001373318,50.91168825
429,65,31,666,0.001377453,50.91168825
430,64,31,666,0.001381588,50.91168825
431,63,31,666,0.001384689,50.91168825
432,63,30,667,0.00138571,50.91168825
433,62,30,667,0.001387774,50.91168825
434,62,29,667,0.001389839,50.91168825
435,62,28,668,0.001389819,50.91168825
436,62,27,670,0.001387726,50.91168825
437,62,26,672,0.001385645,50.91168825
438,62,25,674,0.001383576,50.91168825
439,62,24,676,0.001381519,50.91168825
440,62,23,678,0.001379475,50.91168825
441,62,22,680,0.001377443,50.91168825
442,62,21,682,0.001375422,50.91168825
443,62,20,684,0.001373413,50.91168825
444,62,19,686,0.001371417,50.91168825
445,62,18,688,0.001369431,50.91168825
446,62,17,690,0.001367457,50.91168825
447,62,16,692,0.001365495,50.91168825
448,63,16,694,0.001363544,50.91168825
449,64,15,697,0.001359651,52.32590181
450,65,15,700,0.001356282,52.32590181
451,65,14,704,0.00135151,52.32590181
452,66,14,707,0.001348696,52.32590181
453,67,14,710,0.001345907,52.32590181
454,68,14,713,0.001343141,52.32590181
455,68,15,715,0.001342272,52.32590181
456,69,15,717,0.001341409,52.32590181
457,69,16,718,0.001342896,52.32590181
458,69,17,720,0.001342035,52.32590181
459,68,17,722,0.001342131,52.32590181
460,67,16,723,0.001344084,53.74011537
461,67,17,724,0.001346031,53.74011537
462,67,17,724,0.001349835,53.74011537
463,67,17,724,0.001353639,53.74011537
464,68,17,724,0.001357442,53.74011537
465,68,16,724,0.001361246,53.74011537
466,69,16,724,0.001364574,53.74011537
467,69,15,724,0.001367427,53.74011537
468,70,16,725,0.00136839,55.15432893
469,71,16,728,0.001365588,55.15432893
470,72,16,732,0.001361418,55.15432893
471,71,17,734,0.00136146,56.56854249
472,71,18,736,0.001360566,56.56854249
473,72,19,739,0.001357838,57.98275606
474,72,20,741,0.001356961,57.98275606
475,71,20,743,0.001355161,57.98275606
476,71,21,745,0.001353371,57.98275606
477,71,22,747,0.001351591,57.98275606
478,71,23,749,0.00134982,57.98275606
479,72,23,751,0.001348976,57.98275606
480,72,24,753,0.001348136,57.98275606
481,73,24,755,0.001348212,57.98275606
482,74,25,757,0.001347833,59.39696962
483,74,26,758,0.00134878,59.39696962
484,74,25,758,0.001351959,59.39696962
485,74,24,759,0.001353352,59.39696962
486,73,24,759,0.001356981,59.39696962
487,73,25,760,0.001358819,59.39696962
488,74,25,760,0.001361989,59.39696962
489,75,25,762,0.001361125,59.39696962
490,76,25,763,0.001360243,59.39696962
491,77,25,765,0.001358037,59.39696962
492,78,25,767,0.001356291,59.39696962
493,79,25,769,0.001354554,59.39696962
494,80,25,771,0.001352827,59.39696962
495,81,25,773,0.001351108,59.39696962
496,82,25,776,0.001348102,59.39696962
497,82,24,780,0.001344278,59.39696962
498,82,23,784,0.001340932,59.39696962
499,81,23,786,0.001341024,59.39696962
500,81,22,789,0.001339415,59.39696962
501,82,21,795,0.00133277,60.81118318
502,82,20,799,0.001329545,60.81118318
503,81,20,801,0.001329663,60.81118318
504,80,19,802,0.001330581,62.22539674
505,81,19,803,0.001331496,62.22539674
506,81,18,804,0.001331552,62.22539674
507,81,18,804,0.001333265,62.22539674
508,81,18,804,0.001334977,62.22539674
509,80,19,804,0.001337546,63.63961031
510,80,18,804,0.001339259,63.63961031
511,79,18,804,0.001340972,63.63961031
512,79,19,805,0.001341871,63.63961031
513,80,19,805,0.001344437,63.63961031
514,81,19,805,0.001347003,63.63961031
515,81,20,805,0.001350424,63.63961031
516,81,21,805,0.001353845,63.63961031
517,80,21,807,0.001353902,63.63961031
518,79,21,809,0.001353959,63.63961031
519,79,21,809,0.001357363,63.63961031
520,79,21,809,0.001360767,63.63961031
521,80,21,809,0.001364171,63.63961031
522,80,20,809,0.001367575,63.63961031
523,81,20,809,0.001370979,63.63961031
524,82,20,809,0.001374383,63.63961031
525,82,21,809,0.001377787,63.63961031
526,82,22,809,0.001381191,63.63961031
527,83,22,809,0.001383744,63.63961031
528,83,23,809,0.001386297,63.63961031
529,83,24,809,0.00138885,63.63961031
530,82,24,809,0.001391829,63.63961031
531,81,25,809,0.001393531,65.05382387
532,80,25,809,0.001395233,65.05382387
533,79,25,809,0.001396935,65.05382387
534,78,25,809,0.001398637,65.05382387
535,77,25,809,0.001399914,65.05382387
536,76,25,809,0.001400765,65.05382387
537,75,25,809,0.001403318,65.05382387
538,74,25,809,0.001406296,65.05382387
539,73,24,809,0.0014097,66.46803743
540,73,23,809,0.001413104,66.46803743
541,73,22,810,0.00141476,66.46803743
542,74,22,810,0.001417309,66.46803743
543,74,23,810,0.001419859,66.46803743
544,74,24,810,0.001422834,66.46803743
545,74,25,810,0.001425809,66.46803743
546,75,25,810,0.001428359,66.46803743
547,76,25,810,0.001429209,66.46803743
548,77,25,810,0.001430484,66.46803743
549,78,25,810,0.001432184,66.46803743
550,79,25,810,0.001433884,66.46803743
551,80,25,810,0.001435584,66.46803743
552,81,25,810,0.001437284,66.46803743
553,82,25,810,0.001439408,66.46803743
554,82,25,810,0.001441533,66.46803743
555,82,25,810,0.001443658,66.46803743
556,82,24,810,0.001446633,66.46803743
557,82,23,810,0.001450033,66.46803743
558,82,22,810,0.001453433,66.46803743
559,83,22,810,0.001455983,66.46803743
560,83,22,810,0.001458533,66.46803743
561,83,22,810,0.001461082,66.46803743
562,82,23,810,0.001464482,67.88225099
563,82,24,810,0.001467457,67.88225099
564,82,25,810,0.001469582,67.88225099
565,81,25,810,0.001471282,67.88225099
566,81,24,810,0.001473832,67.88225099
567,80,24,811,0.001474561,67.88225099
568,80,25,811,0.001476259,67.88225099
569,79,25,811,0.001477957,67.88225099
570,78,25,811,0.001479655,67.88225099
571,77,25,811,0.001480928,67.88225099
572,76,25,811,0.001481777,67.88225099
573,75,25,811,0.001484324,67.88225099
574,74,25,811,0.001487295,67.88225099
575,73,25,811,0.001490691,67.88225099
576,73,24,811,0.001494086,67.88225099
577,72,24,811,0.001496633,67.88225099
578,72,23,811,0.00149918,67.88225099
579,72,22,811,0.001501726,67.88225099
580,72,21,811,0.001504273,67.88225099
581,73,20,813,0.00150396,69.29646456
582,73,19,814,0.001505495,69.29646456
583,74,19,815,0.001506182,69.29646456
584,73,19,815,0.001509561,69.29646456
585,73,20,815,0.00151294,69.29646456
586,73,21,815,0.001516319,69.29646456
587,73,22,815,0.001519698,69.29646456
588,73,23,815,0.001523077,69.29646456
589,73,24,815,0.001526456,69.29646456
590,73,25,815,0.001529835,69.29646456
591,73,26,817,0.001529461,69.29646456
592,73,27,821,0.001525364,69.29646456
593,73,28,825,0.001521306,69.29646456
594,73,29,829,0.001517287,69.29646456
595,73,30,833,0.001513308,69.29646456
596,73,31,837,0.001509366,69.29646456
597,73,32,841,0.001505461,69.29646456
598,73,33,845,0.001501594,69.29646456
599,73,34,849,0.001497763,69.29646456
600,73,35,853,0.001493968,69.29646456
601,73,36,857,0.001490208,69.29646456
602,73,37,861,0.001486484,69.29646456
603,74,37,863,0.00148623,69.29646456
604,74,38,866,0.001484261,69.29646456
605,75,38,868,0.001484014,69.29646456
606,75,39,868,0.001486393,69.29646456
607,76,39,870,0.001485746,69.29646456
608,76,40,872,0.001485102,69.29646456
609,76,41,874,0.001484066,69.29646456
610,76,42,876,0.00148225,69.29646456
611,76,43,878,0.001480442,69.29646456
612,77,43,878,0.00148201,69.29646456
613,77,44,879,0.001481891,69.29646456
614,76,45,882,0.001478411,70.71067812
615,76,46,884,0.001476624,70.71067812
616,77,47,887,0.001473958,72.12489168
617,78,47,889,0.00147374,72.12489168
618,79,47,892,0.001471099,72.12489168
619,79,48,892,0.001473414,72.12489168
620,80,48,894,0.001472429,72.12489168
621,80,48,894,0.001474739,72.12489168
622,80,48,894,0.001477049,72.12489168
623,80,47,896,0.001476441,72.12489168
624,80,46,899,0.001473812,72.12489168
625,80,45,902,0.0014712,72.12489168
626,80,44,904,0.001469849,72.12489168
627,80,43,906,0.001468124,72.12489168
628,81,43,909,0.001465172,72.12489168
629,81,42,911,0.001463467,72.12489168
630,82,42,914,0.001460547,72.12489168
631,82,42,914,0.00146243,72.12489168
632,82,42,914,0.001464313,72.12489168
633,81,42,914,0.00146582,72.12489168
634,80,43,914,0.001467326,73.53910524
635,79,43,914,0.001468833,73.53910524
636,79,44,914,0.001470339,73.53910524
637,79,45,914,0.001471845,73.53910524
638,80,45,914,0.001474105,73.53910524
639,79,46,914,0.001475612,74.95331881
640,79,47,914,0.001477871,74.95331881
641,78,47,914,0.001480884,74.95331881
642,77,47,914,0.001483144,74.95331881
643,76,46,914,0.001484651,76.36753237
644,76,45,914,0.001486157,76.36753237
645,77,45,914,0.00148804,76.36753237
646,77,44,914,0.001489547,76.36753237
647,76,43,914,0.001491053,77.78174593
648,76,42,914,0.00149256,77.78174593
649,76,41,914,0.00149482,77.78174593
650,76,40,914,0.001497456,77.78174593
651,76,39,914,0.001500092,77.78174593
652,76,38,916,0.001499823,77.78174593
653,76,37,918,0.001498806,77.78174593
654,76,36,920,0.001497044,77.78174593
655,76,35,921,0.00149654,77.78174593
656,76,34,923,0.001494416,77.78174593
657,76,33,925,0.001492673,77.78174593
658,76,32,927,0.001490938,77.78174593
659,76,31,929,0.001489211,77.78174593
660,76,30,931,0.001487491,77.78174593
661,77,30,933,0.001485778,77.78174593
662,77,29,936,0.001482854,77.78174593
663,77,28,938,0.001481528,77.78174593
664,78,28,941,0.001478999,77.78174593
665,78,27,943,0.001478053,77.78174593
666,79,27,945,0.00147711,77.78174593
667,80,27,947,0.001476172,77.78174593
668,81,27,949,0.001475237,77.78174593
669,82,27,951,0.001474306,77.78174593
670,82,27,951,0.001476478,77.78174593
671,82,27,951,0.00147865,77.78174593
672,82,28,953,0.001477714,77.78174593
673,82,27,953,0.001479881,77.78174593
674,81,27,953,0.001482049,77.78174593
675,80,27,953,0.001484216,77.78174593
676,80,28,955,0.00148327,77.78174593
677,80,29,957,0.001483048,77.78174593
678,79,29,958,0.001484375,77.78174593
679,80,30,960,0.001484151,79.19595949
680,80,31,962,0.00148357,79.19595949
681,80,32,965,0.001481098,79.19595949
682,80,33,966,0.001480991,79.19595949
683,81,33,969,0.001479247,79.19595949
684,81,33,969,0.001482089,79.19595949
685,81,33,969,0.001484931,79.19595949
686,81,32,970,0.00148624,79.19595949
687,80,32,970,0.001488369,79.19595949
688,80,31,970,0.001490853,79.19595949
689,79,31,970,0.001492982,79.19595949
690,80,31,970,0.001495466,79.19595949
691,80,30,970,0.001498305,79.19595949
692,80,29,970,0.001501144,79.19595949
693,79,29,970,0.001503984,79.19595949
694,79,28,970,0.001506113,79.19595949
695,79,27,970,0.001508242,79.19595949
696,78,28,970,0.001510371,80.61017306
697,78,29,970,0.001512501,80.61017306
698,77,29,970,0.001514275,80.61017306
699,76,30,970,0.001515695,82.02438662
700,76,31,970,0.001517114,82.02438662
701,76,32,970,0.001518534,82.02438662
702,76,33,970,0.001519953,82.02438662
703,76,34,970,0.001521018,82.02438662
704,76,35,970,0.001522082,82.02438662
705,76,36,970,0.001523502,82.02438662
706,76,37,970,0.001525631,82.02438662
707,76,38,970,0.00152847,82.02438662
708,76,39,970,0.001530954,82.02438662
709,75,39,970,0.001533084,82.02438662
710,75,38,970,0.001535923,82.02438662
711,74,38,970,0.001538762,82.02438662
712,73,37,970,0.001541601,83.43860018
713,73,38,972,0.001541262,83.43860018
714,72,38,976,0.001537767,83.43860018
715,71,39,980,0.001533598,84.85281374
716,70,38,985,0.001528609,86.2670273
717,69,37,986,0.001529153,87.68124087
718,68,38,992,0.001522681,89.09545443
719,68,39,994,0.001521695,89.09545443
720,67,39,998,0.00151801,89.09545443
721,68,39,998,0.00152008,89.09545443
722,67,39,998,0.001522494,89.09545443
723,67,40,1002,0.001518821,89.09545443
724,67,41,1004,0.001517853,89.09545443
725,67,42,1006,0.001516204,89.09545443
726,67,43,1008,0.001514562,89.09545443
727,67,44,1010,0.001512926,89.09545443
728,67,45,1012,0.001511296,89.09545443
729,67,46,1014,0.001509674,89.09545443
730,67,47,1016,0.001508057,89.09545443
731,67,48,1016,0.001508735,89.09545443
732,68,48,1017,0.001508605,89.09545443
733,69,48,1018,0.001509152,89.09545443
734,70,48,1021,0.001506741,89.09545443
735,70,47,1023,0.001505814,89.09545443
736,69,47,1023,0.001508506,89.09545443
737,68,47,1023,0.001510525,89.09545443
738,68,46,1023,0.001512544,89.09545443
739,68,45,1023,0.001514226,89.09545443
740,67,44,1023,0.001515572,90.50966799
741,67,43,1023,0.001516918,90.50966799
742,67,42,1023,0.001518264,90.50966799
743,67,41,1023,0.001520283,90.50966799
744,67,40,1023,0.001522639,90.50966799
745,67,39,1023,0.001524994,90.50966799
746,67,38,1024,0.001526194,90.50966799
747,67,37,1024,0.001528211,90.50966799
748,66,37,1025,0.001528735,90.50966799
749,66,38,1026,0.001529929,90.50966799
750,65,38,1028,0.001529632,90.50966799
751,64,38,1032,0.001526371,90.50966799
752,63,38,1036,0.001523136,90.50966799
753,62,38,1040,0.001519926,90.50966799
754,61,38,1044,0.00151674,90.50966799
755,61,37,1046,0.001516473,90.50966799
756,60,37,1049,0.001514761,90.50966799
757,59,37,1052,0.001513059,90.50966799
758,58,37,1055,0.001511041,90.50966799
759,58,38,1059,0.001507934,90.50966799
760,59,39,1061,0.001507038,91.92388155
761,60,39,1061,0.001508985,91.92388155
762,59,39,1061,0.001510931,91.92388155
763,58,39,1063,0.001510355,91.92388155
764,58,40,1067,0.001506952,91.92388155
765,58,41,1069,0.001506064,91.92388155
766,58,42,1071,0.001504538,91.92388155
767,58,43,1073,0.001503016,91.92388155
768,58,44,1075,0.001501501,91.92388155
769,58,45,1077,0.001499991,91.92388155
770,58,46,1079,0.001498487,91.92388155
771,59,46,1081,0.001497625,91.92388155
772,59,47,1083,0.001496767,91.92388155
773,60,47,1085,0.001496546,91.92388155
774,61,47,1087,0.001495692,91.92388155
775,62,47,1091,0.001492417,91.92388155
776,62,48,1091,0.00149431,91.92388155
777,63,48,1093,0.001493466,91.92388155
778,62,48,1093,0.001495355,91.92388155
779,62,48,1093,0.001497245,91.92388155
780,62,48,1093,0.001499135,91.92388155
781,61,47,1093,0.001501024,93.33809512
782,61,46,1093,0.001502284,93.33809512
783,62,46,1095,0.001501426,93.33809512
784,62,45,1098,0.001499205,93.33809512
785,62,44,1100,0.001498044,93.33809512
786,62,43,1102,0.001496575,93.33809512
787,62,44,1102,0.001498137,93.33809512
788,62,43,1102,0.001499386,93.33809512
789,62,42,1104,0.001497917,93.33809512
790,63,42,1106,0.001496453,93.33809512
791,62,42,1106,0.001497698,93.33809512
792,62,43,1106,0.001498943,93.33809512
793,61,43,1106,0.001500188,93.33809512
794,61,44,1106,0.001501433,93.33809512
795,61,45,1106,0.001502678,93.33809512
796,62,46,1106,0.001504546,94.75230868
797,61,46,1106,0.001505791,94.75230868
798,60,46,1106,0.001508281,94.75230868
799,59,46,1106,0.001510148,94.75230868
800,59,45,1106,0.001511704,94.75230868
801,59,44,1106,0.001512949,94.75230868
802,59,43,1106,0.001514194,94.75230868
803,58,43,1106,0.001515439,94.75230868
804,58,42,1106,0.001516684,94.75230868
805,58,41,1106,0.001518552,94.75230868
806,58,40,1106,0.00152073,94.75230868
807,58,39,1106,0.001522909,94.75230868
808,58,38,1106,0.001525399,94.75230868
809,58,37,1106,0.001527578,94.75230868
810,59,37,1106,0.001530068,94.75230868
811,59,36,1108,0.001529791,94.75230868
812,58,36,1108,0.001531655,94.75230868
813,57,37,1109,0.001532137,96.16652224
814,56,37,1110,0.001532617,96.16652224
815,56,38,1112,0.001532337,96.16652224
816,55,38,1116,0.001529312,96.16652224
817,54,38,1120,0.001526309,96.16652224
818,54,37,1120,0.001528153,96.16652224
819,53,37,1122,0.00152727,96.16652224
820,52,37,1124,0.00152639,96.16652224
821,51,37,1127,0.00152416,96.16652224
822,50,37,1130,0.001521941,96.16652224
823,50,38,1134,0.001519001,96.16652224
824,50,39,1136,0.001518145,96.16652224
825,49,39,1140,0.001514932,96.16652224
826,49,40,1144,0.001511741,96.16652224
827,49,41,1146,0.001510905,96.16652224
828,49,42,1148,0.001509472,96.16652224
829,49,43,1150,0.001508045,96.16652224
830,49,44,1152,0.001506622,96.16652224
831,49,45,1154,0.001505204,96.16652224
832,49,46,1156,0.001503791,96.16652224
833,49,47,1158,0.001502383,96.16652224
834,50,47,1160,0.001501573,96.16652224
835,50,48,1160,0.00150276,96.16652224
836,51,48,1161,0.001503244,96.16652224
837,52,48,1163,0.001502435,96.16652224
838,51,48,1163,0.001504211,96.16652224
839,50,48,1163,0.001505395,96.16652224
840,50,47,1163,0.001507171,96.16652224
841,51,46,1165,0.001506947,97.5807358
842,50,46,1165,0.00150872,97.5807358
843,49,46,1165,0.001509902,97.5807358
844,49,45,1165,0.001511084,97.5807358
845,49,44,1165,0.001512266,97.5807358
846,50,44,1165,0.001513448,97.5807358
847,50,43,1165,0.00151463,97.5807358
848,50,42,1165,0.001515812,97.5807358
849,50,41,1165,0.001517289,97.5807358
850,49,41,1165,0.001519062,97.5807358
851,49,40,1165,0.001521131,97.5807358
852,49,39,1165,0.001523199,97.5807358
853,49,38,1166,0.001524254,97.5807358
854,48,38,1168,0.001524002,97.5807358
855,47,38,1170,0.001523751,97.5807358
856,46,38,1174,0.001520905,97.5807358
857,45,38,1178,0.001518078,97.5807358
858,44,37,1180,0.001517255,98.99494937
859,44,36,1180,0.001518422,98.99494937
860,45,36,1181,0.001518594,98.99494937
861,44,36,1181,0.00151976,98.99494937
862,44,37,1181,0.001521509,98.99494937
863,43,37,1183,0.001520682,98.99494937
864,42,37,1186,0.001518577,98.99494937
865,41,37,1189,0.001516483,98.99494937
866,41,38,1193,0.001513707,98.99494937
867,40,38,1197,0.001510949,98.99494937
868,40,39,1200,0.00150918,98.99494937
869,40,40,1204,0.001506167,98.99494937
870,40,41,1206,0.001505382,98.99494937
871,40,42,1208,0.001504029,98.99494937
872,40,43,1210,0.001502681,98.99494937
873,40,44,1212,0.001501338,98.99494937
874,40,45,1214,0.001499999,98.99494937
875,40,46,1216,0.001498664,98.99494937
876,41,46,1218,0.001497899,98.99494937
877,41,47,1220,0.001497136,98.99494937
878,42,47,1222,0.001496939,98.99494937
879,43,47,1224,0.001496181,98.99494937
880,43,46,1226,0.001494863,98.99494937
881,42,46,1226,0.001497109,98.99494937
882,41,46,1226,0.001498794,98.99494937
883,41,45,1226,0.001500198,98.99494937
884,41,44,1226,0.001501321,98.99494937
885,41,45,1226,0.001502725,98.99494937
886,41,46,1226,0.00150441,98.99494937
887,41,47,1226,0.001506094,98.99494937
888,42,48,1226,0.001507779,100.4091629
889,42,47,1226,0.001510025,100.4091629
890,43,47,1226,0.00151171,100.4091629
891,43,46,1226,0.001512833,100.4091629
892,44,46,1230,0.001509592,100.4091629
893,44,45,1233,0.001507595,100.4091629
894,43,45,1233,0.001508711,100.4091629
895,43,44,1234,0.001508604,100.4091629
896,43,43,1235,0.001508498,100.4091629
897,43,44,1235,0.001509613,100.4091629
898,43,45,1235,0.001510728,100.4091629
899,43,46,1235,0.001511843,100.4091629
900,42,47,1235,0.001514072,101.8233765
901,41,47,1235,0.001515745,101.8233765
902,41,46,1235,0.001517417,101.8233765
903,41,45,1235,0.001518811,101.8233765
904,40,45,1235,0.001519926,101.8233765
905,40,44,1235,0.001521041,101.8233765
906,41,44,1235,0.001522156,101.8233765
907,41,45,1235,0.001523549,101.8233765
908,41,46,1235,0.001525222,101.8233765
909,41,47,1235,0.001526894,101.8233765
910,40,48,1236,0.001526216,103.2375901
911,40,47,1236,0.00152733,103.2375901
912,39,47,1240,0.001523513,103.2375901
913,38,47,1244,0.001520275,103.2375901
914,38,48,1246,0.001519216,103.2375901
915,37,48,1249,0.001517221,103.2375901
916,37,48,1249,0.001518874,103.2375901
917,37,48,1249,0.001520528,103.2375901
918,36,48,1252,0.001518534,103.2375901
919,35,48,1255,0.00151655,103.2375901
920,34,48,1258,0.001514575,103.2375901
921,34,47,1258,0.001516217,103.2375901
922,33,47,1262,0.001513593,103.2375901
923,33,46,1264,0.001513377,103.2375901
924,32,46,1264,0.001515011,103.2375901
925,32,47,1265,0.001515446,103.2375901
926,31,47,1267,0.001514141,103.2375901
927,30,47,1271,0.001510459,103.2375901
928,29,47,1275,0.00150734,103.2375901
929,29,48,1277,0.001506327,103.2375901
930,28,48,1280,0.00150441,103.2375901